{
  "train_loss": [
    8832.081396328374,
    8409.04171138678,
    8378.486811726238,
    8377.637587672225,
    8385.308821510584,
    8369.79659419928,
    8368.631536416733,
    8371.174567566894,
    8368.31021927416,
    8363.84467976238,
    8363.368830184205,
    8363.940880528655,
    8363.556935465755,
    8362.616045577077,
    8359.709294815795,
    8359.877854807308,
    8358.177116613419,
    8358.090935752796,
    8357.397361097244,
    8352.98186339357,
    8353.162137455072,
    8356.513820075379,
    8352.683297349242,
    8351.469202401158,
    8355.199393470448,
    8350.025669865714,
    8355.826533795927,
    8351.818401495108,
    8351.243061102236,
    8345.138386394268,
    8353.58634778105,
    8348.169247953274,
    8348.088489666534,
    8347.453541521067,
    8346.859368759984,
    8345.923305523662,
    8345.071501223043,
    8352.019164649062,
    8341.519821410742,
    8349.344135320986,
    8347.955068764975,
    8350.575831794129,
    8346.470712485025,
    8347.158944126897,
    8346.071677503494,
    8344.794759634584,
    8347.107838396067,
    8347.049821847544,
    8344.425210288538,
    8341.610158122005,
    8340.588698707068,
    8338.971654727437,
    8342.170709677017,
    8344.12168343151,
    8334.049193165934,
    8333.64406636881,
    8338.934231791633,
    8340.692315732329,
    8338.29117630541,
    8325.68404303115,
    8332.016846483128,
    8336.443896016373,
    8332.570003619208,
    8333.16700778754,
    8330.264571997304,
    8328.108633998103,
    8330.085336898463,
    8331.072778866313,
    8332.45255871855,
    8329.50037908097,
    8330.592464556708,
    8327.909802129094,
    8326.966149473343,
    8327.351757500499,
    8320.54100002496,
    8322.416283945688,
    8321.445048859325,
    8319.456035967452,
    8321.214126148163,
    8318.559890113318,
    8319.819881938898,
    8310.458834614617,
    8319.976353459464,
    8313.560838595748,
    8309.583711374302,
    8310.68695711861,
    8314.01230843151,
    8313.601720060404,
    8307.85037845697,
    8309.99327326278,
    8306.311258236821,
    8307.32518751248,
    8301.441426530051,
    8297.485744683507,
    8289.943233014677,
    8292.09225395617,
    8287.947488705571,
    8288.611014564198,
    8283.376143482927,
    8281.404747716155
  ],
  "val_loss": [
    8260.443529346321,
    8251.714281299446,
    8300.88179576246,
    8251.008242063885,
    8249.075059335442,
    8263.560299643987,
    8251.29601896262,
    8252.874950553798,
    8252.303108311906,
    8249.665552066852,
    8251.382333489913,
    8249.470783475079,
    8250.397596914558,
    8254.610079608387,
    8253.563896855221,
    8251.644144951542,
    8267.110635878165,
    8250.94574824466,
    8254.770174050633,
    8248.335866421085,
    8250.833709330498,
    8252.766307975673,
    8263.756270396558,
    8253.150949985165,
    8265.759638919106,
    8249.040848744067,
    8249.41337643394,
    8252.807091821598,
    8250.041831487342,
    8249.577306047271,
    8254.415369733979,
    8250.235895470727,
    8249.519021336037,
    8252.417869857594,
    8254.26763066159,
    8250.557224708267,
    8251.352186758308,
    8250.178148486946,
    8250.002886422073,
    8254.707522621638,
    8261.38075430182,
    8251.191298086433,
    8251.884196993671,
    8250.877249802215,
    8256.523329336433,
    8250.65978849387,
    8253.045308173458,
    8253.355753065665,
    8251.002327061906,
    8251.707714225673,
    8261.667910032635,
    8251.824428896361,
    8256.927422245846,
    8254.324472161788,
    8252.91630612144,
    8252.791936560523,
    8265.170799545094,
    8252.633999208861,
    8254.444014537183,
    8254.196993670887,
    8254.32450924644,
    8253.15455955795,
    8256.346092513844,
    8253.581879821004,
    8253.714522349683,
    8254.015022374406,
    8254.020090610165,
    8253.85575924644,
    8255.962779371044,
    8255.913815268987,
    8255.602359820015,
    8257.182388498813,
    8257.086577210246,
    8264.816743102254,
    8255.186980814873,
    8255.730814873417,
    8257.751931492287,
    8260.019299470925,
    8267.560352180577,
    8264.591636174842,
    8259.240092217167,
    8266.353339472904,
    8258.276543339596,
    8268.724145816852,
    8268.297876285602,
    8263.700717588014,
    8264.792798778679,
    8261.843465684335,
    8264.767701740506,
    8267.315040298656,
    8276.487276874012,
    8270.210810794106,
    8277.169022572192,
    8271.374969096123,
    8276.130624505538,
    8270.566078668908,
    8281.110187771954,
    8275.94331919996,
    8283.98042857496,
    8285.030449589596
  ],
  "train_policy_loss": [
    3.2240056168918794,
    3.224094788487346,
    3.2240996398864845,
    3.2237529571825703,
    3.2237601699158787,
    3.223866671418991,
    3.2238822539393515,
    3.223646170795916,
    3.2235671498904974,
    3.223837513512316,
    3.2233230770586396,
    3.2233715902883024,
    3.222962269006065,
    3.223406828249605,
    3.2237498516472765,
    3.223369872608124,
    3.2236491498855737,
    3.22323718847939,
    3.2232777417277374,
    3.2235914129799546,
    3.223547025991324,
    3.2234900751814677,
    3.2237457924376662,
    3.2238793434045565,
    3.223883240367658,
    3.223793009980418,
    3.2238939684419967,
    3.2240645085660793,
    3.2236615049953277,
    3.2238857928937237,
    3.224118907611591,
    3.224331974602355,
    3.2241812872048765,
    3.2237844185326425,
    3.223480445508378,
    3.2237931310940096,
    3.223680123734398,
    3.2241724131587213,
    3.223728141083885,
    3.2236928132395395,
    3.2239490195204277,
    3.224324196672287,
    3.224567223661624,
    3.224749376217778,
    3.2244808315849913,
    3.2244559941581263,
    3.2241498730814877,
    3.224183322522587,
    3.2235626831603126,
    3.2238459693738064,
    3.223985396254177,
    3.2234773871997673,
    3.223584591771086,
    3.2235800229703275,
    3.224114255783276,
    3.2242355377148515,
    3.22391082760625,
    3.2243804725976037,
    3.2239914420313727,
    3.223958331555985,
    3.2244690340547897,
    3.2241976169732434,
    3.2244893552396245,
    3.223918201062626,
    3.224174046287902,
    3.224304968556657,
    3.2242928404396713,
    3.2246522918676797,
    3.224397723286297,
    3.224134512983572,
    3.224499224854734,
    3.2243146865893477,
    3.2244084505989146,
    3.2239142835330656,
    3.22388875979585,
    3.224123980671453,
    3.2239793878012954,
    3.2240361169504284,
    3.2240147171690823,
    3.224458933638308,
    3.2241670933013524,
    3.2242370459218375,
    3.223915072675711,
    3.224074813123709,
    3.2243753538344997,
    3.2244264995709013,
    3.224357229452164,
    3.224208951377259,
    3.2240713000678407,
    3.2245428204155577,
    3.224797571809909,
    3.224319212733747,
    3.2243594948095256,
    3.224069478793647,
    3.2241351848212294,
    3.2241816025572465,
    3.224095538020515,
    3.2242945314596256,
    3.2240364795294814,
    3.2235555351732637
  ],